id,sku,item_url,Ключевое слово # (#16),,
1,B10001,https://flower-club.ru/bukety/buket-001,+,,
2,B10002,https://flower-club.ru/bukety/blagodarnost/buket-002,+,,
3,B10003,https://flower-club.ru/bukety/buket-003,,,
4,B10004,https://flower-club.ru/bukety/buket-004,+,,
5,B10005,https://flower-club.ru/bukety/buket-005,,,
6,B10006,https://flower-club.ru/bukety/8-marta/buket-006,+,,
7,B10007,https://flower-club.ru/bukety/skuchayu/buket-007,,,
8,К10008,https://flower-club.ru/bukety/8-marta/buket-008,+,,
9,B10009,https://flower-club.ru/bukety/buket-009,,,
10,B10010,https://flower-club.ru/bukety/buket-010,+,,
11,B10011,https://flower-club.ru/bukety/novyj-god/buket-011,,,
12,B10012,https://flower-club.ru/bukety/prosti/buket-012,+,50?,состав лилии?
13,B10013,https://flower-club.ru/bukety/prosti/buket-013,,,
14,B10014,https://flower-club.ru/bukety/buket-014,+,,
15,B10015,https://flower-club.ru/bukety/traurnye-bukety/buket-015,,,
16,B10016,https://flower-club.ru/bukety/buket-016,+,,
17,B10017,https://flower-club.ru/bukety/dekoratsii/buket-017,,,
18,B10018,https://flower-club.ru/bukety/8-marta/buket-018,+,,
19,B10019,https://flower-club.ru/bukety/novyj-god/buket-019,,,
20,B10020,https://flower-club.ru/bukety/novyj-god/buket-020,+,,
21,B10021,https://flower-club.ru/bukety/skuchayu/buket-021,,,
22,B10022,https://flower-club.ru/bukety/8-marta/buket-022,+,,
23,B10023,https://flower-club.ru/bukety/buket-023,,,
24,B10024,https://flower-club.ru/bukety/khellouin/buket-024,+,,
25,B10025,https://flower-club.ru/bukety/den-vlyublennykh/buket-025,,,
26,B10026,https://flower-club.ru/bukety/den-rozhdeniya/buket-026,+,,
27,B10027,https://flower-club.ru/bukety/den-rozhdeniya/buket-027,,,
28,B10028,https://flower-club.ru/bukety/dlya-muzhchiny/buket-028,+,,
29,B10029,https://flower-club.ru/bukety/den-pobedy/buket-029,,,
30,B10030,https://flower-club.ru/bukety/8-marta/buket-030,+,,
31,B10031,https://flower-club.ru/bukety/8-marta/buket-031,,,
32,B10032,https://flower-club.ru/bukety/8-marta/buket-032,+,,
33,B10033,https://flower-club.ru/oformlenie/buket-033,,,
34,B10034,https://flower-club.ru/bukety/novyj-god/buket-034,,,
35,B10035,https://flower-club.ru/bukety/buket-035,,,
36,B10036,https://flower-club.ru/bukety/blagodarnost/buket-036,+,,
37,B10037,https://flower-club.ru/bukety/buket-037,,,
38,B10038,https://flower-club.ru/bukety/traurnye-bukety/buket-038,+,?,
39,B10039,https://flower-club.ru/bukety/khellouin/buket-039,,,
40,B10040,https://flower-club.ru/oformlenie/buket-040,+,,
41,B10041,https://flower-club.ru/bukety/8-marta/buket-041,,,
42,B10042,https://flower-club.ru/bukety/8-marta/buket-042,+,,
44,B10044,https://flower-club.ru/oformlenie/buket-044,+,,
45,B10045,https://flower-club.ru/bukety/buket-045,,,
46,B10046,https://flower-club.ru/bukety/dekoratsii/buket-046,,,
47,B10047,https://flower-club.ru/oformlenie/buket-047,,,
48,B10048,https://flower-club.ru/oformlenie/buket-048,,,
49,B10049,https://flower-club.ru/bukety/den-rozhdeniya/buket-049,,,
50,B10050,https://flower-club.ru/bukety/buket-050,+,,
51,B10051,https://flower-club.ru/bukety/buket-051,,,
52,B10052,https://flower-club.ru/bukety/8-marta/buket-052,+,,
53,B10053,https://flower-club.ru/bukety/buket-053,,,
54,B10054,https://flower-club.ru/bukety/buket-nevesty/buket-054,+,,
55,B10055,https://flower-club.ru/bukety/buket-055,,,
56,B10056,https://flower-club.ru/bukety/buket-056,+,,
57,B10057,https://flower-club.ru/oformlenie/buket-057,,,
58,B10058,https://flower-club.ru/bukety/dekoratsii/buket-058,,,
59,B10059,https://flower-club.ru/bukety/dlya-detej/buket-059,,,
60,B10060,https://flower-club.ru/bukety/dlya-detej/buket-060,+,,
61,B10061,https://flower-club.ru/bukety/novyj-god/buket-061,,,
62,B10062,https://flower-club.ru/bukety/8-marta/buket-062,+,,
63,B10063,https://flower-club.ru/bukety/khellouin/buket-063,,,
64,B10064,https://flower-club.ru/bukety/buket-064,+,,
65,B10065,https://flower-club.ru/bukety/khellouin/buket-065,,,
66,B10066,https://flower-club.ru/bukety/8-marta/buket-066,+,,
67,B10067,https://flower-club.ru/bukety/den-vlyublennykh/buket-067,,,
68,B10068,https://flower-club.ru/bukety/8-marta/buket-068,+,,
69,B10069,https://flower-club.ru/bukety/den-vlyublennykh/buket-069,,,
70,B10070,https://flower-club.ru/bukety/buket-070,+,,
71,B10071,https://flower-club.ru/bukety/novyj-god/buket-071,,,
72,B10072,https://flower-club.ru/bukety/8-marta/buket-072,+,,
73,B10073,https://flower-club.ru/bukety/den-vlyublennykh/buket-073,,,
74,К10074,https://flower-club.ru/bukety/buket-074,+,,
75,B10075,https://flower-club.ru/bukety/novyj-god/buket-075,,,
76,B10076,https://flower-club.ru/bukety/dlya-detej/buket-076,уточнить,,
77,B10077,https://flower-club.ru/bukety/dekoratsii/buket-077,,,
78,B10078,https://flower-club.ru/bukety/buket-078,+,,
79,B10079,https://flower-club.ru/bukety/buket-079,,,
80,B10080,https://flower-club.ru/bukety/dekoratsii/buket-080,,,
81,B10081,https://flower-club.ru/bukety/buket-081,,,
82,B10082,https://flower-club.ru/bukety/8-marta/buket-082,+,,
83,B10083,https://flower-club.ru/bukety/novyj-god/buket-083,,,
84,B10084,https://flower-club.ru/bukety/8-marta/buket-084,+,,
85,B10085,https://flower-club.ru/bukety/novyj-god/buket-085,,,
86,B10086,https://flower-club.ru/bukety/novyj-god/buket-086,+,,
87,B10087,https://flower-club.ru/bukety/novyj-god/buket-087,,,
88,B10088,https://flower-club.ru/bukety/novyj-god/buket-088,+,,
89,B10089,https://flower-club.ru/bukety/8-marta/buket-089,,,
90,К10090,https://flower-club.ru/bukety/8-marta/buket-090,+,,
91,B10091,https://flower-club.ru/bukety/skuchayu/buket-091,,,
92,B10092,https://flower-club.ru/bukety/novyj-god/buket-092,+,,
93,B10093,https://flower-club.ru/bukety/buket-093,,,
94,B10094,https://flower-club.ru/bukety/dekoratsii-avto/buket-094,,,
95,B10095,https://flower-club.ru/bukety/8-marta/buket-095,,,
96,B10096,https://flower-club.ru/bukety/traurnye-bukety/buket-096,,,
97,B10097,https://flower-club.ru/bukety/khellouin/buket-097,,,
98,B10098,https://flower-club.ru/bukety/8-marta/buket-098,,,
99,B10099,https://flower-club.ru/bukety/8-marta/buket-099,,,
100,B10100,https://flower-club.ru/bukety/buket-100,,,
101,B10101,https://flower-club.ru/bukety/8-marta/buket-101,,,
102,B10102,https://flower-club.ru/bukety/8-marta/buket-102,,,
103,B10103,https://flower-club.ru/bukety/8-marta/buket-103,,,
104,B10104,https://flower-club.ru/bukety/8-marta/buket-104,,,
105,B10105,https://flower-club.ru/bukety/buket-105,,,
106,B10106,https://flower-club.ru/bukety/buket-106,,,
107,B10107,https://flower-club.ru/bukety/8-marta/buket-107,,,
108,B10108,https://flower-club.ru/bukety/8-marta/buket-108,,,
109,B10109,https://flower-club.ru/bukety/8-marta/buket-109,,,
110,B10110,https://flower-club.ru/bukety/buket-110,,,
111,B10111,https://flower-club.ru/bukety/biznes/buket-111,,,
112,B10112,https://flower-club.ru/bukety/den-rozhdeniya/buket-112,,,
113,B10113,https://flower-club.ru/bukety/den-vlyublennykh/buket-113,,,
114,B10114,https://flower-club.ru/bukety/8-marta/buket-114,,,
115,B10115,https://flower-club.ru/bukety/8-marta/buket-115,,,
116,B10116,https://flower-club.ru/bukety/8-marta/buket-116,,,
117,B10117,https://flower-club.ru/bukety/novyj-god/buket-117,,,
118,B10118,https://flower-club.ru/bukety/8-marta/buket-118,,,
119,B10119,https://flower-club.ru/bukety/buket-119,,,
120,B10120,https://flower-club.ru/bukety/den-pobedy/buket-120,,,
121,B10121,https://flower-club.ru/bukety/buket-121,,,
122,B10122,https://flower-club.ru/bukety/buket-122,,,
123,B10123,https://flower-club.ru/bukety/1-sentyabrya/buket-123,,,
124,B10124,https://flower-club.ru/bukety/8-marta/buket-124,,,
125,B10125,https://flower-club.ru/bukety/den-vlyublennykh/buket-125,,,
126,B10126,https://flower-club.ru/bukety/8-marta/buket-126,,,
127,B10127,https://flower-club.ru/bukety/buket-127,,,
128,B10128,https://flower-club.ru/bukety/8-marta/buket-128,,,
129,B10129,https://flower-club.ru/bukety/8-marta/buket-129,,,
130,B10130,https://flower-club.ru/bukety/traurnye-bukety/buket-130,,,
131,B10131,https://flower-club.ru/bukety/novyj-god/buket-131,,,
132,B10132,https://flower-club.ru/bukety/8-marta/buket-132,,,
133,B10133,https://flower-club.ru/bukety/den-vlyublennykh/buket-133,,,
134,B10134,https://flower-club.ru/bukety/buket-134,,,
135,B10135,https://flower-club.ru/bukety/dekoratsii/buket-135,,,
136,B10136,https://flower-club.ru/bukety/8-marta/buket-136,,,
137,B10137,https://flower-club.ru/bukety/buket-137,,,
138,B10138,https://flower-club.ru/bukety/novyj-god/buket-138,,,
139,B10139,https://flower-club.ru/bukety/den-rozhdeniya/buket-139,,,
140,B10140,https://flower-club.ru/bukety/8-marta/buket-140,,,
141,B10141,https://flower-club.ru/bukety/skuchayu/buket-141,,,
142,B10142,https://flower-club.ru/bukety/skuchayu/buket-142,,,
143,B10143,https://flower-club.ru/bukety/den-vlyublennykh/buket-143,,,
144,B10144,https://flower-club.ru/bukety/8-marta/buket-144,,,
145,B10145,https://flower-club.ru/bukety/8-marta/buket-145,,,
146,B10146,https://flower-club.ru/bukety/8-marta/buket-146,,,
147,B10147,https://flower-club.ru/bukety/8-marta/buket-147,,,
148,B10148,https://flower-club.ru/bukety/8-marta/buket-148,,,
149,B10149,https://flower-club.ru/bukety/8-marta/buket-149,,,
150,B10150,https://flower-club.ru/bukety/buket-150,,,
151,B10151,https://flower-club.ru/bukety/buket-151,,,
152,B10152,https://flower-club.ru/bukety/skuchayu/buket-152,,,
153,B10153,https://flower-club.ru/bukety/buket-153,,,
154,B10154,https://flower-club.ru/bukety/den-vlyublennykh/buket-154,,,
155,B10155,https://flower-club.ru/bukety/buket-155,,,
156,B10156,https://flower-club.ru/bukety/8-marta/buket-156,,,
157,B10157,https://flower-club.ru/bukety/den-pobedy/buket-157,,,
158,B10158,https://flower-club.ru/bukety/den-materi/buket-158,,,
159,B10159,https://flower-club.ru/bukety/novyj-god/buket-159,,,
160,B10160,https://flower-club.ru/bukety/traurnye-bukety/buket-160,,,
161,B10161,https://flower-club.ru/bukety/den-materi/buket-161,,,
162,B10162,https://flower-club.ru/bukety/traurnye-bukety/buket-162,,,
163,B10163,https://flower-club.ru/bukety/8-marta/buket-163,,,
164,B10164,https://flower-club.ru/bukety/khellouin/buket-164,,,
165,B10165,https://flower-club.ru/bukety/8-marta/buket-165,,,
166,B10166,https://flower-club.ru/bukety/8-marta/buket-166,,,
167,B10167,https://flower-club.ru/bukety/buket-nevesty/buket-167,,,
168,B10168,https://flower-club.ru/bukety/8-marta/buket-168,,,
169,B10169,https://flower-club.ru/bukety/8-marta/buket-169,,,
170,B10170,https://flower-club.ru/bukety/buket-170,,,
171,B10171,https://flower-club.ru/bukety/buket-171,,,
172,B10172,https://flower-club.ru/bukety/novyj-god/buket-172,,,
173,B10173,https://flower-club.ru/bukety/8-marta/buket-173,,,
174,B10174,https://flower-club.ru/bukety/novyj-god/buket-174,,,
175,B10175,https://flower-club.ru/bukety/dekoratsii/buket-175,,,
176,B10176,https://flower-club.ru/bukety/buket-176,,,
177,B10177,https://flower-club.ru/bukety/buket-177,,,
178,B10178,https://flower-club.ru/bukety/den-rozhdeniya/buket-178,,,
179,B10179,https://flower-club.ru/bukety/buket-179,,,
180,B10180,https://flower-club.ru/bukety/novyj-god/buket-180,,,
181,B10181,https://flower-club.ru/bukety/buket-181,,,
182,B10182,https://flower-club.ru/bukety/buket-182,,,
183,B10183,https://flower-club.ru/bukety/novyj-god/buket-183,,,
184,B10184,https://flower-club.ru/bukety/blagodarnost/buket-184,,,
185,B10185,https://flower-club.ru/bukety/dekoratsii/buket-185,,,
186,B10186,https://flower-club.ru/bukety/buket-186,,,
187,B20001,https://flower-club.ru/bukety/buket-187,,,
188,B20002,https://flower-club.ru/bukety/buket-188,,,
189,B20003,https://flower-club.ru/bukety/buket-189,,,
190,B20004,https://flower-club.ru/bukety/8-marta/buket-190,,,
191,B20005,https://flower-club.ru/bukety/8-marta/buket-191,,,
192,B20006,https://flower-club.ru/bukety/8-marta/buket-192,,,
193,B20007,https://flower-club.ru/bukety/8-marta/buket-193,,,
194,B20008,https://flower-club.ru/bukety/8-marta/buket-194,,,
195,B20009,https://flower-club.ru/oformlenie/buket-195,,,
196,B20010,https://flower-club.ru/bukety/8-marta/buket-196,,,
197,B20011,https://flower-club.ru/bukety/8-marta/buket-197,,,
198,B20012,https://flower-club.ru/bukety/8-marta/buket-198,,,
199,B20013,https://flower-club.ru/bukety/8-marta/buket-199,,,
200,B20014,https://flower-club.ru/bukety/8-marta/buket-200,,,
201,B20015,https://flower-club.ru/bukety/8-marta/buket-201,,,
202,B20016,https://flower-club.ru/bukety/den-vlyublennykh/buket-202,,,
203,B20017,https://flower-club.ru/bukety/8-marta/buket-203,,,
204,B20018,https://flower-club.ru/bukety/8-marta/buket-204,,,
205,B20019,https://flower-club.ru/bukety/8-marta/buket-205,,,
206,B20020,https://flower-club.ru/bukety/8-marta/buket-206,,,
207,B20021,https://flower-club.ru/bukety/8-marta/buket-207,,,
208,B20022,https://flower-club.ru/bukety/8-marta/buket-208,,,
209,B20023,https://flower-club.ru/bukety/8-marta/buket-209,,,
210,B20024,https://flower-club.ru/bukety/8-marta/buket-210,,,
211,B20025,https://flower-club.ru/bukety/8-marta/buket-211,,,
212,B20026,https://flower-club.ru/bukety/8-marta/buket-212,,,
213,B20027,https://flower-club.ru/bukety/8-marta/buket-213,,,
214,B20028,https://flower-club.ru/bukety/8-marta/buket-214,,,
215,B20029,https://flower-club.ru/bukety/8-marta/buket-215,,,
216,B20030,https://flower-club.ru/bukety/8-marta/buket-216,,,
217,B20031,https://flower-club.ru/bukety/8-marta/buket-217,,,
218,B20032,https://flower-club.ru/bukety/8-marta/buket-218,,,
219,B20033,https://flower-club.ru/bukety/buket-219,,,
220,B20034,https://flower-club.ru/bukety/8-marta/buket-220,,,
221,B20035,https://flower-club.ru/bukety/8-marta/buket-221,,,
222,B20036,https://flower-club.ru/bukety/8-marta/buket-222,,,
223,B20037,https://flower-club.ru/bukety/8-marta/buket-223,,,
224,B20038,https://flower-club.ru/bukety/8-marta/buket-224,,,
225,B20039,https://flower-club.ru/bukety/8-marta/buket-225,,,
226,B20040,https://flower-club.ru/bukety/8-marta/buket-226,,,
227,B20041,https://flower-club.ru/bukety/8-marta/buket-227,,,
228,B20042,https://flower-club.ru/bukety/8-marta/buket-228,,,
229,B20043,https://flower-club.ru/bukety/8-marta/buket-229,,,
230,B20044,https://flower-club.ru/bukety/8-marta/buket-230,,,
231,B20045,https://flower-club.ru/bukety/8-marta/buket-231,,,
232,B20046,https://flower-club.ru/bukety/8-marta/buket-232,,,
233,B20047,https://flower-club.ru/bukety/8-marta/buket-233,,,
234,B20048,https://flower-club.ru/bukety/den-vlyublennykh/buket-234,,,
235,B20049,https://flower-club.ru/bukety/den-vlyublennykh/buket-235,,,
236,B20050,https://flower-club.ru/bukety/8-marta/buket-236,,,
237,B20051,https://flower-club.ru/bukety/8-marta/buket-237,,,
238,B20052,https://flower-club.ru/bukety/8-marta/buket-238,,,
239,B20053,https://flower-club.ru/bukety/8-marta/buket-239,,,
240,B20054,https://flower-club.ru/bukety/8-marta/buket-240,,,
241,B20055,https://flower-club.ru/bukety/8-marta/buket-241,,,
242,B20056,https://flower-club.ru/bukety/8-marta/buket-242,,,
243,B20057,https://flower-club.ru/bukety/8-marta/buket-243,,,
244,B20058,https://flower-club.ru/bukety/dekoratsii/buket-244,,,
245,B20059,https://flower-club.ru/bukety/8-marta/buket-245,,,
246,B20060,https://flower-club.ru/bukety/8-marta/buket-246,,,
247,B20061,https://flower-club.ru/bukety/8-marta/buket-247,,,
248,B20062,https://flower-club.ru/bukety/buket-248,,,
249,B20063,https://flower-club.ru/bukety/8-marta/buket-249,,,
250,B20064,https://flower-club.ru/bukety/8-marta/buket-250,,,
251,B20065,https://flower-club.ru/bukety/buket-251,,,
252,B20066,https://flower-club.ru/bukety/8-marta/buket-252,,,
253,B20067,https://flower-club.ru/bukety/8-marta/buket-253,,,
254,B20068,https://flower-club.ru/bukety/buket-254,,,
255,B20069,https://flower-club.ru/bukety/8-marta/buket-255,,,
256,B20070,https://flower-club.ru/bukety/8-marta/buket-256,,,
257,B20071,https://flower-club.ru/bukety/buket-257,,,
258,B20072,https://flower-club.ru/bukety/8-marta/buket-258,,,
259,B20073,https://flower-club.ru/bukety/buket-259,,,
260,B20074,https://flower-club.ru/bukety/8-marta/buket-260,,,
261,B20075,https://flower-club.ru/bukety/8-marta/buket-261,,,
262,B20076,https://flower-club.ru/bukety/buket-262,,,
263,B20077,https://flower-club.ru/bukety/8-marta/buket-263,,,
264,B20078,https://flower-club.ru/bukety/8-marta/buket-264,,,
265,B20079,https://flower-club.ru/bukety/8-marta/buket-265,,,
266,B20080,https://flower-club.ru/bukety/buket-266,,,
267,B20081,https://flower-club.ru/bukety/8-marta/buket-267,,,
268,B20082,https://flower-club.ru/bukety/8-marta/buket-268,,,
269,B20083,https://flower-club.ru/bukety/8-marta/buket-269,,,
270,B20084,https://flower-club.ru/bukety/8-marta/buket-270,,,
271,B20085,https://flower-club.ru/bukety/buket-271,,,
272,B20086,https://flower-club.ru/bukety/den-vlyublennykh/buket-272,,,
273,B20087,https://flower-club.ru/bukety/8-marta/buket-273,,,
274,B20088,https://flower-club.ru/bukety/den-vlyublennykh/buket-274,,,
275,B20089,https://flower-club.ru/bukety/8-marta/buket-275,,,
276,B20090,https://flower-club.ru/bukety/buket-276,,,
277,B20091,https://flower-club.ru/bukety/8-marta/buket-277,,,
278,B20092,https://flower-club.ru/bukety/8-marta/buket-278,,,
279,B20093,https://flower-club.ru/bukety/8-marta/buket-279,,,
280,B20094,https://flower-club.ru/bukety/8-marta/buket-280,,,
281,B20095,https://flower-club.ru/bukety/den-vlyublennykh/buket-281,,,
282,B20096,https://flower-club.ru/bukety/8-marta/buket-282,,,
283,B20097,https://flower-club.ru/bukety/8-marta/buket-283,,,
284,B20098,https://flower-club.ru/bukety/8-marta/buket-284,,,
285,B20099,https://flower-club.ru/bukety/8-marta/buket-285,,,
286,B20100,https://flower-club.ru/bukety/8-marta/buket-286,,,
287,B20101,https://flower-club.ru/bukety/den-vlyublennykh/buket-287,,,
288,B20102,https://flower-club.ru/bukety/den-vlyublennykh/buket-288,,,
289,B20103,https://flower-club.ru/bukety/den-vlyublennykh/buket-289,,,
290,B20104,https://flower-club.ru/bukety/den-vlyublennykh/buket-290,,,
291,B20105,https://flower-club.ru/bukety/8-marta/buket-291,,,
292,B20106,https://flower-club.ru/bukety/8-marta/buket-292,,,
293,B20107,https://flower-club.ru/bukety/buket-293,,,
294,B20108,https://flower-club.ru/bukety/8-marta/buket-294,,,
295,B20109,https://flower-club.ru/bukety/buket-295,,,
296,B20110,https://flower-club.ru/bukety/8-marta/buket-296,,,
297,B20111,https://flower-club.ru/bukety/8-marta/buket-297,,,
298,B20112,https://flower-club.ru/bukety/buket-298,,,
299,B20113,https://flower-club.ru/bukety/den-vlyublennykh/buket-299,,,
300,B20114,https://flower-club.ru/bukety/8-marta/buket-300,,,
301,B20115,https://flower-club.ru/bukety/8-marta/buket-301,,,
302,B20116,https://flower-club.ru/bukety/8-marta/buket-302,,,
303,B20117,https://flower-club.ru/bukety/8-marta/buket-303,,,
304,B20118,https://flower-club.ru/bukety/8-marta/buket-304,,,
305,B20119,https://flower-club.ru/bukety/8-marta/buket-305,,,
306,B20120,https://flower-club.ru/bukety/8-marta/buket-306,,,
307,B20121,https://flower-club.ru/bukety/8-marta/buket-307,,,
308,B20122,https://flower-club.ru/bukety/8-marta/buket-308,,,
309,B20123,https://flower-club.ru/bukety/8-marta/buket-309,,,
310,B20124,https://flower-club.ru/bukety/8-marta/buket-310,,,
311,B20125,https://flower-club.ru/bukety/8-marta/buket-311,,,
312,B20126,https://flower-club.ru/bukety/buket-312,,,
600,B20127,https://flower-club.ru/bukety/8-marta/buket-313,,,
601,B20128,https://flower-club.ru/bukety/blagodarnost/buket-314,,,
603,К001,https://flower-club.ru/bukety/blagodarnost/buket-315,,,
604,К002,https://flower-club.ru/bukety/8-marta/buket-316,,,
605,К003,https://flower-club.ru/bukety/8-marta/buket-317,,,
606,К004,https://flower-club.ru/bukety/8-marta/buket-318,,,
607,К005,https://flower-club.ru/bukety/8-marta/buket-319,,,
608,Б0012Л,https://flower-club.ru/bukety/8-marta/buket-320,,,
609,Б0012Ю,https://flower-club.ru/bukety/8-marta/buket-321,,,
610,К005А,https://flower-club.ru/bukety/blagodarnost/buket-322,,,
611,К10008А,https://flower-club.ru/bukety/8-marta/buket-323,,,
612,КR10008,https://flower-club.ru/bukety/1-sentyabrya/buket-324,,,
613,КR00067,https://flower-club.ru/bukety/8-marta/buket-325,,,
614,К100098,https://flower-club.ru/bukety/8-marta/buket-326,,,
615,К00987,https://flower-club.ru/bukety/8-marta/buket-327,,,
616,КR10074,https://flower-club.ru/bukety/8-marta/buket-328,,,
617,К0054,https://flower-club.ru/bukety/8-marta/buket-329,,,
618,B00065,https://flower-club.ru/bukety/biznes/buket-330,,,
619,В07054,https://flower-club.ru/bukety/8-marta/buket-331,,,
620,В075804,https://flower-club.ru/bukety/buket-nevesty/buket-332,,,
621,621,https://flower-club.ru/bukety/blagodarnost/buket-333,,,
622,B00947,https://flower-club.ru/bukety/blagodarnost/buket-334,,,
623,В08607,https://flower-club.ru/bukety/dlya-muzhchiny/buket-335,,,
624,В90362,https://flower-club.ru/bukety/blagodarnost/buket-336,,,
625,К06804,https://flower-club.ru/bukety/buket-337,,,
626,К00895,https://flower-club.ru/bukety/buket-338,,,
627,Б010546,https://flower-club.ru/bukety/buket-339,,,
628,К090934,https://flower-club.ru/bukety/buket-340,,,
629,629,https://flower-club.ru/bukety/buket-341,,,
630,630,https://flower-club.ru/bukety/buket-342,,,
631,К00012,https://flower-club.ru/bukety/buket-343,,,
632,К01042,https://flower-club.ru/bukety/buket-34344,,,
633,К020053,https://flower-club.ru/bukety/buket-345,,,
634,К080932,https://flower-club.ru/bukety/buket-346,,,
635,К080945,https://flower-club.ru/bukety/buket-347,,,
636,К008567,https://flower-club.ru/bukety/buket-348,,,
637,К03900,https://flower-club.ru/buket-349,,,
638,Я0032,https://flower-club.ru/bukety/buket-350,,,
639,Я002120,https://flower-club.ru/bukety/buket-351,,,
640,Я005673,https://flower-club.ru/bukety/buket-352,,,
641,Я100093,https://flower-club.ru/bukety/buket-353,,,
642,Б01200,https://flower-club.ru/bukety/biznes/buket-354,,,
643,K011093,https://flower-club.ru/bukety/buket-355,,,
644,Б001122,https://flower-club.ru/bukety/biznes/buket-356,,,
645,Б001222,https://flower-club.ru/bukety/den-rozhdeniya/buket-357,,,
